{
  "Name": "WetDelay",
  "Version": "1.0.0.0",
  "Factory Info": {
    "Vendor": "Yonie",
    "URL": "https://github.com/yonie",
    "E-Mail": "mailto:yonie@yonie.org",
    "Flags": {
      "Unicode": true,
      "Classes Discardable": false,
      "Component Non Discardable": false,
    },
  },
  "Classes": [
    {
      "CID": "B4C7B10DBFB05B3C9A71DCAD9E9F2BD9",
      "Category": "Audio Module Class",
      "Name": "WetDelay",
      "Vendor": "Yonie",
      "Version": "1.0.0.0",
      "SDKVersion": "VST 3.8.0",
      "Sub Categories": [
        "Fx",
        "Delay",
      ],
      "Class Flags": 1,
      "Cardinality": 2147483647,
      "Snapshots": [
        {
          "Scale Factor": 1,
          "Path": "Contents/Resources/Snapshots/B4C7B10DBFB05B3C9A71DCAD9E9F2BD9_snapshot.png",
        },
        {
          "Scale Factor": 2,
          "Path": "Contents/Resources/Snapshots/B4C7B10DBFB05B3C9A71DCAD9E9F2BD9_snapshot_2.0x.png",
        },
      ],
    },
    {
      "CID": "BDABF70BE0455D488DCD7B40179AC0D1",
      "Category": "Component Controller Class",
      "Name": "WetDelayController",
      "Vendor": "Yonie",
      "Version": "1.0.0.0",
      "SDKVersion": "VST 3.8.0",
      "Class Flags": 0,
      "Cardinality": 2147483647,
      "Snapshots": [
      ],
    },
  ],
}